<?xml version="1.0" encoding="UTF-8" standalone="yes"?>
<files xmlns="http://apstandard.com/ns/1" xmlns:ns2="http://www.w3.org/2000/09/xmldsig#">
    <file name="scripts/user.php" size="1485" sha256="570509e9441feb62e39f147b257a9e686e75f9831de93d3ac5f71b5fbef46496"/>
    <file name="scripts/subscription_service.php" size="3409" sha256="7f536ad3a169d4f6368ffafdd0c6733acbf2f6e3c34ddaa0f9a2cc15dc40cc26"/>
    <file name="scripts/application.php" size="584" sha256="53afb40849c760530a5a700467884581ebfffd89f4b2bf4dea9485669932e3d2"/>
    <file name="ui/js/user.add.js" size="2460" sha256="edc31c015ddf916b0ac91c94aa2674b8aeb9e9474754cf55ff1a32e811902beb"/>
    <file name="ui/js/suwizard.new.js" size="1651" sha256="9de76b30a16f9afab83dd699b055b5e934a0591418d2cc7a4c0237a8aa1d1d98"/>
    <file name="ui/js/suservice.view.js" size="1204" sha256="ad402dea1f9767752383b3826f1a2c4fae138677f35e70ddea2eb20f21c25644"/>
    <file name="ui/js/user.json" size="287" sha256="ce4f801b5841064bf03ea8bdc34a72e4549a593cdcb2c7ef8790640bc887d958"/>
    <file name="ui/js/suwizard.overview.js" size="957" sha256="67a12a6696d758b019ab4c3743ab78b1df0cf0881ccf0d5d5b078960476bed0a"/>
    <file name="ui/js/users.js" size="4568" sha256="46bb8775035f72e8e1571c11f956bacb6c675930963967f345c3f0ded2485ffe"/>
    <file name="ui/js/user.edit.js" size="1942" sha256="c7be7fe1a8e2774d7cda6123e9b6df7aea22c08274bc7f2586728180dd5cfc6f"/>
    <file name="ui/js/getUnassignedServiceUsers.js" size="1248" sha256="2c85b13830ff99ae97c8a7a228f201e91d3e707de2f5f2d188649feb3eabd109"/>
    <file name="ui/suwizard.overview.html" size="176" sha256="e29ff9e331f8824ccfcdd44bd95725ff3e45ebf02150e2cead7d7c35f4174965"/>
    <file name="ui/suwizard.new.html" size="171" sha256="eeed7a9b1953752aa64318001b3439bcf97ee44ca1feca90ecdc88d326357597"/>
    <file name="ui/user.add.html" size="167" sha256="65f6398d4e04895a6cbcf4fb48782505ea215a19b6613300537c6544a53271be"/>
    <file name="ui/users.html" size="164" sha256="08655a2dee2d99ad96ac07d0378f82df32c25fb146fd64c912b19465322f9406"/>
    <file name="ui/suservice.view.html" size="173" sha256="1924979092f35b94a579d025045a074a877f0fdb75f93bec2bf63f85a70f423f"/>
    <file name="ui/user.edit.html" size="168" sha256="127044e474bf3324a39bff6d4946c888a2ddf0762d0df9a8be22016156d32340"/>
    <file name="schemas/application.schema.gen" size="650" sha256="cb8006faaa9f246830dd5bb1f9f21edd134de5b9419316bff3da594c5da02f34"/>
    <file name="schemas/subscription_service.schema.gen" size="1084" sha256="12c9a69275660f2de2b8a372da92202ddc6fca79db48d80b3c54ac31ca37d3af"/>
    <file name="schemas/user.schema.gen" size="1340" sha256="9f7c9fc9416acb2acbac5da05542eb81c95f3259665dcc77faad6c24d1e24dff"/>
    <file name="APP-META.xml" size="2493" sha256="1525f1eda2e5c0630093eabd5c78621d56f1cc83d3b6d0f35a463f64b17942c3"/>
</files>
